patient_id,patient_name,diagnosis_code,procedure_code,total_charge,insurance_claim_amount,is_outlier
1,Alice Johnson,I10,99213,450.0,315.0,False
2,Bob Williams,E11.9,99214,600.0,480.0,False
3,Carol Brown,J20.9,99203,200.0,140.0,False
4,David Davis,M54.5,99212,150.0,105.0,False
5,Emily Garcia,F32.9,99215,800.0,640.0,False
6,Frank Rodriguez,Z00.00,99202,300.0,240.0,False
7,Grace Wilson,H25.9,99213,400.0,320.0,False
8,Henry Martinez,I63.9,99214,700.0,560.0,False
9,Isabella Anderson,M17.10,99204,550.0,440.0,False
10,Jack Taylor,R07.4,99212,250.0,175.0,False
11,Katherine Thomas,G44.2,99215,900.0,720.0,False
12,Liam Jackson,S82.819A,99203,350.0,280.0,False
13,Mia White,E78.5,99214,650.0,520.0,False
14,Noah Harris,J06.9,99212,180.0,126.0,False
15,Olivia Martin,L20,99215,850.0,680.0,False
16,Peter Thompson,F41.9,99202,280.0,224.0,False
17,Quinn Garcia,I48.91,99213,420.0,336.0,False
18,Riley Robinson,M25.50,99214,750.0,600.0,False
19,Sophia Clark,R51,99204,500.0,400.0,False
20,Theodore Lewis,K21.9,99212,120.0,84.0,False
21,Ava Walker,B34.9,99215,950.0,760.0,False
22,William Hall,C79.51,99203,320.0,256.0,False
23,Charlotte Allen,D61.9,99214,580.0,464.0,False
24,James Young,E03.9,99212,190.0,133.0,False
25,Amelia Hernandez,I25.10,99215,880.0,704.0,False
26,Benjamin King,M79.602,99202,290.0,232.0,False
27,Emma Wright,F40.9,99213,430.0,344.0,False
28,Ethan Green,I63.00,99214,720.0,576.0,False
29,Harper Adams,M16.0,99204,560.0,448.0,False
30,Oliver Baker,R10.9,99212,260.0,182.0,False
31,Sophia Nelson,G43.909,99215,920.0,736.0,False
32,Theodore Hill,S82.819A,99203,360.0,288.0,False
33,Isabella Carter,E78.0,99214,680.0,544.0,False
34,Jackson Mitchell,J00,99212,170.0,119.0,False
35,Luna Perez,L20,99215,820.0,656.0,False
36,Lucas Roberts,F41.1,99202,270.0,216.0,False
37,Mia Turner,I48.0,99213,410.0,328.0,False
38,Noah Phillips,M25.50,99214,780.0,624.0,False
39,Olivia Campbell,R50.9,99204,520.0,416.0,False
40,Ethan Rogers,K21.0,99212,130.0,91.0,False
41,Ava Cook,B34.2,99215,980.0,784.0,False
42,William Ward,C79.51,99203,330.0,264.0,False
43,Charlotte Reed,D61.81,99214,590.0,472.0,False
44,James Bell,E03.9,99212,190.0,133.0,False
45,Amelia Price,I25.10,99215,890.0,712.0,False
46,Benjamin Murphy,M79.602,99202,290.0,232.0,False
47,Emma Rivera,F40.2,99213,440.0,352.0,False
48,Ethan Cooper,I63.00,99214,740.0,592.0,False
49,Harper Bailey,M16.0,99204,570.0,456.0,False
50,Oliver Rivera,R10.9,99212,270.0,189.0,False
51,Sophia Gray,G43.109,99215,930.0,744.0,False
52,Theodore Long,S82.819A,99203,370.0,296.0,False
53,Isabella Scott,E78.0,99214,690.0,552.0,False
54,Jackson Bennett,J00,99212,170.0,119.0,False
55,Luna Watson,L20,99215,830.0,664.0,False
56,Lucas Brooks,F41.1,99202,280.0,224.0,False
57,Mia Sanders,I48.91,99213,400.0,320.0,False
58,Noah Wood,M25.50,99214,760.0,608.0,False
59,Olivia Coleman,R50.9,99204,510.0,408.0,False
60,Ethan West,K21.0,99212,140.0,98.0,False
61,Ava Simmons,B34.9,99215,960.0,768.0,False
62,William Perry,C79.51,99203,340.0,272.0,False
63,Charlotte Rice,D61.9,99214,600.0,480.0,False
64,James Howard,E03.9,99212,200.0,140.0,False
65,Amelia Jenkins,I25.10,99215,900.0,720.0,False
66,Benjamin Hayes,M79.602,99202,300.0,240.0,False
67,Emma Bryant,F40.9,99213,450.0,360.0,False
68,Ethan Palmer,I63.00,99214,750.0,600.0,False
69,Harper Ford,M16.0,99204,580.0,464.0,False
70,Oliver Shaw,R10.9,99212,280.0,196.0,False
71,Sophia Wells,G43.909,99215,940.0,752.0,False
72,Theodore Willis,S82.819A,99203,380.0,304.0,False
73,Isabella Gordon,E78.0,99214,700.0,560.0,False
74,Jackson Cole,J00,99212,160.0,112.0,False
75,Luna Hayes,L20,99215,840.0,672.0,False
76,Lucas Jordan,F41.1,99202,290.0,232.0,False
77,Mia Henderson,I48.91,99213,410.0,328.0,False
78,Noah Murray,M25.50,99214,790.0,632.0,False
79,Olivia Barnes,R50.9,99204,530.0,424.0,False
80,Ethan Fisher,K21.0,99212,150.0,105.0,False
81,Ava Griffin,B34.2,99215,990.0,792.0,False
82,William Powell,C79.51,99203,350.0,280.0,False
83,Charlotte Sullivan,D61.81,99214,610.0,488.0,False
84,James Russell,E03.9,99212,210.0,147.0,False
85,Amelia Reynolds,I25.10,99215,910.0,728.0,False
86,Benjamin Castro,M79.602,99202,310.0,248.0,False
87,Emma Perry,F40.2,99213,460.0,368.0,False
88,Ethan Long,I63.00,99214,760.0,608.0,False
89,Harper Morgan,M16.0,99204,590.0,472.0,False
90,Oliver Peterson,R10.9,99212,290.0,203.0,False
91,Sophia Bell,G43.109,99215,950.0,760.0,False
92,Theodore Reed,S82.819A,99203,390.0,312.0,False
93,Isabella Cook,E78.0,99214,710.0,568.0,False
94,Jackson Morgan,J00,99212,180.0,126.0,False
95,Luna Allen,L20,99215,850.0,680.0,False
96,Lucas Gray,F41.1,99202,300.0,240.0,False
97,Mia Green,I48.0,99213,420.0,336.0,False
98,Noah Scott,M25.50,99214,800.0,640.0,False
99,Olivia Baker,R50.9,99204,540.0,432.0,False
100,Ethan Miller,K21.0,99212,160.0,112.0,False
101,Ava Davis,B34.9,99215,970.0,776.0,False
102,William Wilson,C79.51,99203,360.0,288.0,False
103,Charlotte Anderson,D61.9,99214,620.0,496.0,False
104,James Moore,E03.9,99212,220.0,154.0,False
105,Amelia Taylor,I25.10,99215,920.0,736.0,False
106,Benjamin Thomas,M79.602,99202,320.0,256.0,False
107,Emma Jackson,F40.9,99213,470.0,376.0,False
108,Ethan White,I63.00,99214,770.0,616.0,False
109,Harper Harris,M16.0,99204,600.0,480.0,False
110,Oliver Martin,R10.9,99212,300.0,210.0,False
111,Sophia Thompson,G43.909,99215,960.0,768.0,False
112,Theodore Garcia,S82.819A,99203,400.0,320.0,False
113,Isabella Lewis,E78.0,99214,720.0,576.0,False
114,Jackson Clark,J00,99212,190.0,133.0,False
115,Luna Walker,L20,99215,860.0,688.0,False
116,Lucas Hall,F41.1,99202,310.0,248.0,False
117,Mia Young,I48.91,99213,430.0,344.0,False
118,Noah Allen,M25.50,99214,810.0,648.0,False
119,Olivia Hernandez,R50.9,99204,550.0,440.0,False
120,Ethan King,K21.0,99212,170.0,119.0,False
121,Ava Wright,B34.2,99215,1000.0,800.0,False
122,William Green,C79.51,99203,370.0,296.0,False
123,Charlotte Adams,D61.81,99214,630.0,504.0,False
124,James Baker,E03.9,99212,230.0,161.0,False
125,Amelia Hill,I25.10,99215,930.0,744.0,False
126,Benjamin Roberts,M79.602,99202,330.0,264.0,False
127,Emma Turner,F40.2,99213,480.0,384.0,False
128,Ethan Phillips,I63.00,99214,780.0,624.0,False
129,Harper Campbell,M16.0,99204,610.0,488.0,False
130,Oliver Rogers,R10.9,99212,310.0,217.0,False
131,Sophia Cook,G43.109,99215,970.0,776.0,False
132,Theodore West,S82.819A,99203,410.0,328.0,False
133,Isabella Simmons,E78.0,99214,730.0,584.0,False
134,Jackson Perry,J00,99212,200.0,140.0,False
135,Luna Rice,L20,99215,870.0,696.0,False
136,Lucas Howard,F41.1,99202,320.0,256.0,False
137,Mia Jenkins,I48.0,99213,440.0,352.0,False
138,Noah Hayes,M25.50,99214,820.0,656.0,False
139,Olivia Bryant,R50.9,99204,560.0,448.0,False
140,Ethan Palmer,K21.0,99212,180.0,126.0,False
141,Ava Ford,B34.9,99215,990.0,792.0,False
142,William Shaw,C79.51,99203,380.0,304.0,False
143,Charlotte Wells,D61.9,99214,640.0,512.0,False
144,James Willis,E03.9,99212,240.0,168.0,False
145,Amelia Gordon,I25.10,99215,940.0,752.0,False
146,Benjamin Cole,M79.602,99202,340.0,272.0,False
147,Emma Hayes,F40.9,99213,490.0,392.0,False
148,Ethan Jordan,I63.00,99214,790.0,632.0,False
149,Harper Henderson,M16.0,99204,620.0,496.0,False
150,Oliver Murray,R10.9,99212,320.0,224.0,False
151,Sophia Barnes,G43.909,99215,980.0,784.0,False
152,Theodore Fisher,S82.819A,99203,420.0,336.0,False
153,Isabella Griffin,E78.0,99214,740.0,592.0,False
154,Jackson Powell,J00,99212,210.0,147.0,False
155,Luna Cook,L20,99215,880.0,704.0,False
156,Lucas Ward,F41.1,99202,330.0,264.0,False
157,Mia Reed,I48.91,99213,450.0,360.0,False
158,Noah Morgan,M25.50,99214,830.0,664.0,False
159,Olivia Sullivan,R50.9,99204,570.0,456.0,False
160,Ethan Russell,K21.0,99212,190.0,133.0,False
161,Ava Reynolds,B34.2,99215,900.0,720.0,False
162,William Castro,C79.51,99203,390.0,312.0,False
163,Charlotte Perry,D61.81,99214,650.0,520.0,False
164,James Long,E03.9,99212,250.0,175.0,False
165,Amelia Morgan,I25.10,99215,950.0,760.0,False
166,Benjamin Peterson,M79.602,99202,350.0,280.0,False
167,Emma Bell,F40.2,99213,500.0,400.0,False
168,Ethan Reed,I63.00,99214,800.0,640.0,False
169,Harper Cook,M16.0,99204,630.0,504.0,False
170,Oliver Morgan,R10.9,99212,330.0,231.0,False
171,Sophia Allen,G43.109,99215,990.0,792.0,False
172,Theodore Gray,S82.819A,99203,430.0,344.0,False
173,Isabella Green,E78.0,99214,750.0,600.0,False
174,Jackson Green,J00,99212,220.0,154.0,False
175,Luna Scott,L20,99215,890.0,712.0,False
176,Lucas Baker,F41.1,99202,340.0,272.0,False
177,Mia Miller,I48.0,99213,460.0,368.0,False
178,Noah Davis,M25.50,99214,840.0,672.0,False
179,Olivia Wilson,R50.9,99204,580.0,464.0,False
180,Ethan Anderson,K21.0,99212,200.0,140.0,False
181,Ava Moore,B34.9,99215,910.0,728.0,False
182,William Taylor,C79.51,99203,400.0,320.0,False
183,Charlotte Thomas,D61.9,99214,660.0,528.0,False
184,James Jackson,E03.9,99212,260.0,182.0,False
185,Amelia White,I25.10,99215,960.0,768.0,False
186,Benjamin Harris,M79.602,99202,360.0,288.0,False
187,Emma Martin,F40.9,99213,510.0,408.0,False
188,Ethan Thompson,I63.00,99214,810.0,648.0,False
189,Harper Garcia,M16.0,99204,640.0,512.0,False
190,Oliver Lewis,R10.9,99212,340.0,238.0,False
191,Sophia Clark,G43.909,99215,1000.0,800.0,False
192,Theodore Williams,S82.819A,99203,440.0,352.0,False
193,Isabella Hall,E78.0,99214,760.0,608.0,False
194,Jackson Young,J00,99212,230.0,161.0,False
195,Luna Allen,L20,99215,900.0,720.0,False
196,Lucas Hernandez,F41.1,99202,350.0,280.0,False
197,Mia King,I48.91,99213,470.0,376.0,False
198,Noah Wright,M25.50,99214,850.0,680.0,False
199,Olivia Green,R50.9,99204,590.0,472.0,False
200,Ethan Adams,K21.0,99212,210.0,147.0,False
1,Alice Johnson,I10,99213,450.0,315.0,False
2,Michael Brown,E11.9,99203,200.0,140.0,False
3,Emily Davis,J20.9,99214,600.0,480.0,False
4,David Wilson,M54.5,99212,350.0,245.0,False
5,Jessica Garcia,F32.9,99204,750.0,525.0,False
6,Christopher Rodriguez,R07.9,99215,800.0,640.0,False
7,Ashley Williams,L03.91,99213,400.0,320.0,False
8,Matthew Jones,Z00.00,99202,150.0,105.0,False
9,Sarah Miller,I25.10,99214,550.0,440.0,False
10,Kevin Moore,H25.9,99212,300.0,210.0,False
11,Amanda Taylor,G44.2,99203,250.0,175.0,False
12,Brian Anderson,M17.10,99215,900.0,720.0,False
13,Stephanie Thomas,K21.9,99213,480.0,384.0,False
14,Jason Jackson,Z71.1,99202,180.0,126.0,False
15,Nicole White,J45.909,99214,650.0,520.0,False
16,Ryan Harris,E78.5,99212,320.0,256.0,False
17,Melissa Martin,I49.8,99203,220.0,154.0,False
18,Joshua Thompson,F41.9,99215,850.0,680.0,False
19,Brittany Garcia,M79.1,99213,420.0,336.0,False
20,Brandon Martinez,Z00.01,99202,160.0,112.0,False
21,Kimberly Robinson,M54.2,99214,620.0,496.0,False
22,Justin Clark,H52.1,99212,340.0,272.0,False
23,Heather Lewis,I11.9,99203,240.0,168.0,False
24,Anthony Lee,G40.909,99215,780.0,624.0,False
25,Monica Walker,K80.00,99213,460.0,368.0,False
26,Daniel Hall,Z01.411,99202,170.0,119.0,False
27,Michelle Allen,J44.9,99214,680.0,544.0,False
28,Eric Young,E11.21,99212,380.0,304.0,False
29,Laura Hernandez,I10,99203,280.0,196.0,False
30,Timothy King,F33.1,99215,950.0,760.0,False
31,Ashley Wright,L03.11,99213,500.0,400.0,False
32,Joseph Scott,Z00.00,99202,190.0,133.0,False
33,Jennifer Green,I25.10,99214,700.0,560.0,False
34,Andrew Adams,H25.9,99212,360.0,288.0,False
35,Crystal Nelson,G44.2,99203,260.0,182.0,False
36,Paul Baker,M17.10,99215,980.0,784.0,False
37,Lisa Carter,K21.9,99213,490.0,392.0,False
38,Michael Mitchell,Z71.1,99202,195.0,136.5,False
39,Amy Roberts,J45.909,99214,690.0,552.0,False
40,Brian Phillips,E78.5,99212,390.0,312.0,False
41,Stephanie Evans,I49.8,99203,290.0,203.0,False
42,Kevin Turner,F41.9,99215,920.0,736.0,False
43,Jessica Collins,M79.1,99213,430.0,344.0,False
44,Christopher Edwards,Z00.01,99202,185.0,129.5,False
45,Ashley Ward,M54.2,99214,630.0,504.0,False
46,Matthew Reyes,H52.1,99212,370.0,296.0,False
47,Sarah Morris,I11.9,99203,270.0,189.0,False
48,David Cook,G40.909,99215,880.0,704.0,False
49,Brittany Rivera,K80.00,99213,470.0,376.0,False
50,Brandon Bell,Z01.411,99202,175.0,122.5,False
51,Kimberly Gray,J44.9,99214,720.0,576.0,False
52,Justin Murphy,E11.21,99212,330.0,264.0,False
53,Heather Howard,I10,99203,210.0,147.0,False
54,Anthony Cooper,F33.1,99215,820.0,656.0,False
55,Monica Peterson,L03.11,99213,410.0,328.0,False
56,Daniel Bailey,Z00.00,99202,140.0,98.0,False
57,Michelle Wood,I25.10,99214,580.0,464.0,False
58,Eric Bell,H25.9,99212,310.0,248.0,False
59,Laura Rivera,G44.2,99203,230.0,161.0,False
60,Timothy Gray,M17.10,99215,910.0,728.0,False
61,Ashley Bennett,K21.9,99213,440.0,352.0,False
62,Joseph Ross,Z71.1,99202,155.0,108.5,False
63,Jennifer Long,J45.909,99214,610.0,488.0,False
64,Andrew Foster,E78.5,99212,340.0,272.0,False
65,Crystal Sanchez,I49.8,99203,250.0,175.0,False
66,Paul Simmons,F41.9,99215,810.0,648.0,False
67,Lisa Powell,M79.1,99213,410.0,328.0,False
68,Michael Price,Z00.01,99202,165.0,115.5,False
69,Amy Barnes,M54.2,99214,670.0,536.0,False
70,Brian Griffin,H52.1,99212,350.0,280.0,False
71,Stephanie Russell,I11.9,99203,260.0,182.0,False
72,Kevin Hayes,G40.909,99215,890.0,712.0,False
73,Jessica Russell,K80.00,99213,450.0,360.0,False
74,Christopher Carter,Z01.411,99202,180.0,126.0,False
75,Ashley Simmons,J44.9,99214,640.0,512.0,False
76,Matthew Richardson,E11.21,99212,320.0,256.0,False
77,Sarah Flores,I10,99203,200.0,140.0,False
78,David Hayes,F33.1,99215,870.0,696.0,False
79,Brittany Coleman,L03.11,99213,400.0,320.0,False
80,Brandon Perry,Z00.00,99202,130.0,91.0,False
81,Kimberly Shaw,I25.10,99214,520.0,416.0,False
82,Justin Barnes,H25.9,99212,300.0,240.0,False
83,Heather Alexander,G44.2,99203,220.0,154.0,False
84,Anthony Reed,M17.10,99215,930.0,744.0,False
85,Monica Bailey,K21.9,99213,480.0,384.0,False
86,Daniel Green,Z71.1,99202,190.0,133.0,False
87,Michelle Wood,J45.909,99214,660.0,528.0,False
88,Eric Mitchell,E78.5,99212,380.0,304.0,False
89,Laura Robinson,I49.8,99203,280.0,196.0,False
90,Timothy Davis,F41.9,99215,960.0,768.0,False
91,Ashley Lewis,M79.1,99213,420.0,336.0,False
92,Joseph Martinez,Z00.01,99202,170.0,119.0,False
93,Jennifer Walker,M54.2,99214,600.0,480.0,False
94,Andrew Clark,H52.1,99212,340.0,272.0,False
95,Crystal Taylor,I11.9,99203,240.0,168.0,False
96,Paul Anderson,G40.909,99215,770.0,616.0,False
97,Lisa Thomas,K80.00,99213,460.0,368.0,False
98,Michael Jackson,Z01.411,99202,160.0,112.0,False
99,Amy White,J44.9,99214,650.0,520.0,False
100,Brian Harris,E11.21,99212,350.0,280.0,False
101,Stephanie Martin,I10,99203,250.0,175.0,False
102,Kevin Thompson,F33.1,99215,840.0,672.0,False
103,Jessica Garcia,L03.11,99213,430.0,344.0,False
104,Christopher Rodriguez,Z00.00,99202,180.0,126.0,False
105,Ashley Williams,I25.10,99214,680.0,544.0,False
106,Matthew Jones,H25.9,99212,390.0,312.0,False
107,Sarah Miller,G44.2,99203,290.0,203.0,False
108,David Moore,M17.10,99215,970.0,776.0,False
109,Brittany Taylor,K21.9,99213,490.0,392.0,False
110,Brandon Anderson,Z71.1,99202,195.0,136.5,False
111,Kimberly Thomas,J45.909,99214,690.0,552.0,False
112,Justin Jackson,E78.5,99212,370.0,296.0,False
113,Heather White,I49.8,99203,270.0,189.0,False
114,Anthony Harris,F41.9,99215,880.0,704.0,False
115,Monica Martin,M79.1,99213,470.0,376.0,False
116,Daniel Thompson,Z00.01,99202,175.0,122.5,False
117,Michelle Garcia,M54.2,99214,720.0,576.0,False
118,Eric Rodriguez,H52.1,99212,330.0,264.0,False
119,Laura Williams,I11.9,99203,210.0,147.0,False
120,Timothy Jones,G40.909,99215,820.0,656.0,False
121,Ashley Miller,K80.00,99213,410.0,328.0,False
122,Joseph Moore,Z01.411,99202,140.0,98.0,False
123,Jennifer Taylor,J44.9,99214,580.0,464.0,False
124,Andrew Anderson,E11.21,99212,310.0,248.0,False
125,Crystal Thomas,I10,99203,230.0,161.0,False
126,Paul Jackson,F33.1,99215,910.0,728.0,False
127,Lisa White,L03.11,99213,440.0,352.0,False
128,Michael Harris,Z00.00,99202,155.0,108.5,False
129,Amy Martin,I25.10,99214,610.0,488.0,False
130,Brian Thompson,H25.9,99212,340.0,272.0,False
131,Stephanie Garcia,G44.2,99203,250.0,175.0,False
132,Kevin Rodriguez,M17.10,99215,810.0,648.0,False
133,Jessica Williams,K21.9,99213,410.0,328.0,False
134,Christopher Jones,Z71.1,99202,165.0,115.5,False
135,Ashley Miller,J45.909,99214,670.0,536.0,False
136,Matthew Moore,E78.5,99212,350.0,280.0,False
137,Sarah Taylor,I49.8,99203,260.0,182.0,False
138,David Anderson,F41.9,99215,890.0,712.0,False
139,Brittany Thomas,M79.1,99213,450.0,360.0,False
140,Brandon Jackson,Z00.01,99202,180.0,126.0,False
141,Kimberly White,M54.2,99214,640.0,512.0,False
142,Justin Harris,H52.1,99212,320.0,256.0,False
143,Heather Martin,I11.9,99203,200.0,140.0,False
144,Anthony Thompson,G40.909,99215,870.0,696.0,False
145,Monica Garcia,K80.00,99213,400.0,320.0,False
146,Daniel Rodriguez,Z01.411,99202,130.0,91.0,False
147,Michelle Williams,J44.9,99214,520.0,416.0,False
148,Eric Jones,E11.21,99212,300.0,240.0,False
149,Laura Miller,I10,99203,220.0,154.0,False
150,Timothy Moore,F33.1,99215,930.0,744.0,False
151,Ashley Taylor,L03.11,99213,480.0,384.0,False
152,Joseph Anderson,Z00.00,99202,190.0,133.0,False
153,Jennifer Thomas,I25.10,99214,700.0,560.0,False
154,Andrew Jackson,H25.9,99212,360.0,288.0,False
155,Crystal White,G44.2,99203,260.0,182.0,False
156,Paul Harris,M17.10,99215,980.0,784.0,False
157,Lisa Martin,K21.9,99213,490.0,392.0,False
158,Michael Thompson,Z71.1,99202,195.0,136.5,False
159,Amy Garcia,J45.909,99214,690.0,552.0,False
160,Brian Rodriguez,E78.5,99212,390.0,312.0,False
161,Stephanie Williams,I49.8,99203,290.0,203.0,False
162,Kevin Jones,F41.9,99215,920.0,736.0,False
163,Jessica Miller,M79.1,99213,430.0,344.0,False
164,Christopher Moore,Z00.01,99202,185.0,129.5,False
165,Ashley Taylor,M54.2,99214,630.0,504.0,False
166,Matthew Anderson,H52.1,99212,370.0,296.0,False
167,Sarah Thomas,I11.9,99203,270.0,189.0,False
168,David Jackson,G40.909,99215,880.0,704.0,False
169,Brittany White,K80.00,99213,470.0,376.0,False
170,Brandon Harris,Z01.411,99202,175.0,122.5,False
171,Kimberly Martin,J44.9,99214,720.0,576.0,False
172,Justin Thompson,E11.21,99212,330.0,264.0,False
173,Heather Garcia,I10,99203,210.0,147.0,False
174,Anthony Rodriguez,F33.1,99215,820.0,656.0,False
175,Monica Williams,L03.11,99213,410.0,328.0,False
176,Daniel Jones,Z00.00,99202,140.0,98.0,False
177,Michelle Miller,I25.10,99214,580.0,464.0,False
178,Eric Moore,H25.9,99212,310.0,248.0,False
179,Laura Taylor,G44.2,99203,230.0,161.0,False
180,Timothy Anderson,M17.10,99215,910.0,728.0,False
181,Ashley Thomas,K21.9,99213,440.0,352.0,False
182,Joseph Jackson,Z71.1,99202,155.0,108.5,False
183,Jennifer White,J45.909,99214,610.0,488.0,False
184,Andrew Harris,E78.5,99212,340.0,272.0,False
185,Crystal Martin,I49.8,99203,250.0,175.0,False
186,Paul Thompson,F41.9,99215,810.0,648.0,False
187,Lisa Garcia,M79.1,99213,410.0,328.0,False
188,Michael Rodriguez,Z00.01,99202,165.0,115.5,False
189,Amy Williams,M54.2,99214,670.0,536.0,False
190,Brian Jones,H52.1,99212,350.0,280.0,False
191,Stephanie Miller,I11.9,99203,260.0,182.0,False
192,Kevin Moore,G40.909,99215,890.0,712.0,False
193,Jessica Taylor,K80.00,99213,450.0,360.0,False
194,Christopher Anderson,Z01.411,99202,180.0,126.0,False
195,Ashley Jackson,J44.9,99214,640.0,512.0,False
196,Matthew White,E11.21,99212,320.0,256.0,False
197,Sarah Harris,I10,99203,200.0,140.0,False
198,David Thompson,F33.1,99215,870.0,696.0,False
199,Brittany Garcia,L03.11,99213,400.0,320.0,False
200,Brandon Rodriguez,Z00.00,99202,130.0,91.0,False
1,Michael Brown,I10,99203,450.0,315.0,False
2,Emily Davis,J02.9,99213,275.0,220.0,False
3,David Wilson,M54.5,99214,350.0,280.0,False
4,Jessica Garcia,E11.9,99204,600.0,480.0,False
5,Christopher Rodriguez,F32.9,99212,200.0,160.0,False
6,Ashley Williams,Z00.00,99215,750.0,600.0,False
7,Matthew Jones,K21.9,99202,150.0,120.0,False
8,Amanda Martinez,I25.10,99213,300.0,240.0,False
9,Joshua Anderson,M16.0,99214,400.0,320.0,False
10,Sarah Taylor,G44.2,99204,650.0,520.0,False
11,Daniel Thomas,R07.9,99212,225.0,180.0,False
12,Brittany Jackson,J30.1,99215,800.0,640.0,False
13,Kevin White,E78.5,99202,175.0,140.0,False
14,Stephanie Harris,N39.0,99213,325.0,260.0,False
15,Brandon Martin,I48.91,99214,450.0,360.0,False
16,Nicole Thompson,M17.10,99204,700.0,560.0,False
17,Justin Garcia,F41.9,99212,250.0,200.0,False
18,Lauren Perez,Z71.1,99215,850.0,680.0,False
19,Tyler Miller,K29.70,99202,125.0,100.0,False
20,Megan Brown,I10,99213,250.0,200.0,False
21,Ryan Davis,J02.9,99214,375.0,300.0,False
22,Kayla Wilson,M54.5,99204,500.0,400.0,False
23,Jacob Garcia,E11.9,99212,175.0,140.0,False
24,Samantha Rodriguez,F32.9,99215,900.0,720.0,False
25,Andrew Williams,Z00.00,99202,100.0,80.0,False
26,Brianna Jones,K21.9,99213,275.0,220.0,False
27,Kyle Martinez,I25.10,99214,350.0,280.0,False
28,Alyssa Anderson,M16.0,99204,600.0,480.0,False
29,Nicholas Taylor,G44.2,99212,225.0,180.0,False
30,Hannah Thomas,R07.9,99215,750.0,600.0,False
31,Ethan Jackson,J30.1,99202,150.0,120.0,False
32,Olivia White,E78.5,99213,300.0,240.0,False
33,Noah Harris,N39.0,99214,400.0,320.0,False
34,Madison Martin,I48.91,99204,650.0,520.0,False
35,Logan Thompson,M17.10,99212,250.0,200.0,False
36,Chloe Garcia,F41.9,99215,800.0,640.0,False
37,Jack Perez,Z71.1,99202,175.0,140.0,False
38,Abigail Miller,K29.70,99213,325.0,260.0,False
39,Aiden Brown,I10,99214,450.0,360.0,False
40,Isabella Davis,J02.9,99204,700.0,560.0,False
41,Mason Wilson,M54.5,99212,200.0,160.0,False
42,Sofia Garcia,E11.9,99215,850.0,680.0,False
43,Ethan Rodriguez,Z00.00,99202,125.0,100.0,False
44,Ava Williams,K21.9,99213,250.0,200.0,False
45,Lucas Jones,I25.10,99214,375.0,300.0,False
46,Mia Martinez,M16.0,99204,500.0,400.0,False
47,Liam Anderson,G44.2,99212,175.0,140.0,False
48,Charlotte Taylor,R07.9,99215,900.0,720.0,False
49,Carter Thomas,J30.1,99202,100.0,80.0,False
50,Harper Jackson,E78.5,99213,275.0,220.0,False
51,Elijah White,N39.0,99214,350.0,280.0,False
52,Amelia Harris,I48.91,99204,600.0,480.0,False
53,Owen Martin,M17.10,99212,225.0,180.0,False
54,Evelyn Thompson,F41.9,99215,750.0,600.0,False
55,Grayson Garcia,Z71.1,99202,150.0,120.0,False
56,Scarlett Perez,K29.70,99213,300.0,240.0,False
57,Caleb Miller,I10,99214,400.0,320.0,False
58,Ella Brown,J02.9,99204,650.0,520.0,False
59,Benjamin Davis,M54.5,99212,250.0,200.0,False
60,Madison Wilson,E11.9,99215,800.0,640.0,False
61,Jackson Garcia,Z00.00,99202,175.0,140.0,False
62,Aria Rodriguez,K21.9,99213,325.0,260.0,False
63,Mateo Williams,I25.10,99214,450.0,360.0,False
64,Chloe Jones,M16.0,99204,700.0,560.0,False
65,Owen Martinez,G44.2,99212,200.0,160.0,False
66,Luna Anderson,R07.9,99215,850.0,680.0,False
67,Leo Taylor,J30.1,99202,125.0,100.0,False
68,Lily Thomas,E78.5,99213,250.0,200.0,False
69,Grayson Jackson,N39.0,99214,375.0,300.0,False
70,Harper White,I48.91,99204,500.0,400.0,False
71,Carter Harris,M17.10,99212,175.0,140.0,False
72,Scarlett Martin,F41.9,99215,900.0,720.0,False
73,Caleb Thompson,Z71.1,99202,100.0,80.0,False
74,Ella Garcia,K29.70,99213,275.0,220.0,False
75,Benjamin Perez,I10,99214,350.0,280.0,False
76,Madison Miller,J02.9,99204,600.0,480.0,False
77,Jackson Brown,M54.5,99212,225.0,180.0,False
78,Aria Davis,E11.9,99215,750.0,600.0,False
79,Mateo Wilson,Z00.00,99202,150.0,120.0,False
80,Chloe Rodriguez,K21.9,99213,300.0,240.0,False
81,Owen Jones,I25.10,99214,400.0,320.0,False
82,Luna Martinez,M16.0,99204,650.0,520.0,False
83,Leo Anderson,G44.2,99212,250.0,200.0,False
84,Lily Taylor,R07.9,99215,800.0,640.0,False
85,Grayson Thomas,J30.1,99202,175.0,140.0,False
86,Harper Jackson,E78.5,99213,325.0,260.0,False
87,Carter White,N39.0,99214,450.0,360.0,False
88,Scarlett Harris,I48.91,99204,700.0,560.0,False
89,Caleb Martin,M17.10,99212,200.0,160.0,False
90,Ella Thompson,F41.9,99215,850.0,680.0,False
91,Benjamin Garcia,Z71.1,99202,125.0,100.0,False
92,Madison Perez,K29.70,99213,250.0,200.0,False
93,Jackson Miller,I10,99214,375.0,300.0,False
94,Aria Brown,J02.9,99204,500.0,400.0,False
95,Mateo Davis,M54.5,99212,175.0,140.0,False
96,Chloe Wilson,E11.9,99215,900.0,720.0,False
97,Owen Rodriguez,Z00.00,99202,100.0,80.0,False
98,Luna Jones,K21.9,99213,275.0,220.0,False
99,Leo Martinez,I25.10,99214,350.0,280.0,False
100,Lily Anderson,M16.0,99204,600.0,480.0,False
